<ImportExportXml version="9.2.25013.202" SolutionPackageVersion="9.2" languagecode="1036" generatedBy="CrmLive" xmlns:xsi="http://www.w3.org/2001/XMLSchema-instance" OrganizationVersion="9.2.25013.202" OrganizationSchemaType="Standard" CRMServerServiceabilityVersion="9.2.25014.00218">
  <SolutionManifest>
    <UniqueName>Hackathon</UniqueName>
    <LocalizedNames>
      <LocalizedName description="Hackathon" languagecode="1036" />
    </LocalizedNames>
    <Descriptions />
    <Version>1.0.0.8</Version>
    <Managed>0</Managed>
    <Publisher>
      <UniqueName>cloud_sol</UniqueName>
      <LocalizedNames>
        <LocalizedName description="cloud_sol" languagecode="1036" />
      </LocalizedNames>
      <Descriptions />
      <EMailAddress xsi:nil="true"></EMailAddress>
      <SupportingWebsiteUrl xsi:nil="true"></SupportingWebsiteUrl>
      <CustomizationPrefix>ahmed</CustomizationPrefix>
      <CustomizationOptionValuePrefix>70021</CustomizationOptionValuePrefix>
      <Addresses>
        <Address>
          <AddressNumber>1</AddressNumber>
          <AddressTypeCode>1</AddressTypeCode>
          <City xsi:nil="true"></City>
          <County xsi:nil="true"></County>
          <Country xsi:nil="true"></Country>
          <Fax xsi:nil="true"></Fax>
          <FreightTermsCode xsi:nil="true"></FreightTermsCode>
          <ImportSequenceNumber xsi:nil="true"></ImportSequenceNumber>
          <Latitude xsi:nil="true"></Latitude>
          <Line1 xsi:nil="true"></Line1>
          <Line2 xsi:nil="true"></Line2>
          <Line3 xsi:nil="true"></Line3>
          <Longitude xsi:nil="true"></Longitude>
          <Name xsi:nil="true"></Name>
          <PostalCode xsi:nil="true"></PostalCode>
          <PostOfficeBox xsi:nil="true"></PostOfficeBox>
          <PrimaryContactName xsi:nil="true"></PrimaryContactName>
          <ShippingMethodCode>1</ShippingMethodCode>
          <StateOrProvince xsi:nil="true"></StateOrProvince>
          <Telephone1 xsi:nil="true"></Telephone1>
          <Telephone2 xsi:nil="true"></Telephone2>
          <Telephone3 xsi:nil="true"></Telephone3>
          <TimeZoneRuleVersionNumber xsi:nil="true"></TimeZoneRuleVersionNumber>
          <UPSZone xsi:nil="true"></UPSZone>
          <UTCOffset xsi:nil="true"></UTCOffset>
          <UTCConversionTimeZoneCode xsi:nil="true"></UTCConversionTimeZoneCode>
        </Address>
        <Address>
          <AddressNumber>2</AddressNumber>
          <AddressTypeCode>1</AddressTypeCode>
          <City xsi:nil="true"></City>
          <County xsi:nil="true"></County>
          <Country xsi:nil="true"></Country>
          <Fax xsi:nil="true"></Fax>
          <FreightTermsCode xsi:nil="true"></FreightTermsCode>
          <ImportSequenceNumber xsi:nil="true"></ImportSequenceNumber>
          <Latitude xsi:nil="true"></Latitude>
          <Line1 xsi:nil="true"></Line1>
          <Line2 xsi:nil="true"></Line2>
          <Line3 xsi:nil="true"></Line3>
          <Longitude xsi:nil="true"></Longitude>
          <Name xsi:nil="true"></Name>
          <PostalCode xsi:nil="true"></PostalCode>
          <PostOfficeBox xsi:nil="true"></PostOfficeBox>
          <PrimaryContactName xsi:nil="true"></PrimaryContactName>
          <ShippingMethodCode>1</ShippingMethodCode>
          <StateOrProvince xsi:nil="true"></StateOrProvince>
          <Telephone1 xsi:nil="true"></Telephone1>
          <Telephone2 xsi:nil="true"></Telephone2>
          <Telephone3 xsi:nil="true"></Telephone3>
          <TimeZoneRuleVersionNumber xsi:nil="true"></TimeZoneRuleVersionNumber>
          <UPSZone xsi:nil="true"></UPSZone>
          <UTCOffset xsi:nil="true"></UTCOffset>
          <UTCConversionTimeZoneCode xsi:nil="true"></UTCConversionTimeZoneCode>
        </Address>
      </Addresses>
    </Publisher>
    <RootComponents>
      <RootComponent type="1" schemaName="ahmed_current_address" behavior="0" />
      <RootComponent type="1" schemaName="ahmed_event" behavior="0" />
      <RootComponent type="1" schemaName="ahmed_eventmaker" behavior="0" />
      <RootComponent type="1" schemaName="ahmed_exhibition" behavior="0" />
      <RootComponent type="1" schemaName="ahmed_exhibitionfollowup" behavior="0" />
      <RootComponent type="1" schemaName="ahmed_guest" behavior="0" />
      <RootComponent type="1" schemaName="ahmed_interest" behavior="0" />
      <RootComponent type="1" schemaName="ahmed_latest_identifier" behavior="0" />
      <RootComponent type="1" schemaName="ahmed_userm" behavior="0" />
      <RootComponent type="29" id="{12e22b93-93f4-ef11-9342-000d3a590c54}" behavior="0" />
      <RootComponent type="29" id="{3de6db65-1bf5-ef11-be1f-002248324723}" behavior="0" />
      <RootComponent type="29" id="{4c8badd8-a2f4-ef11-9342-000d3a590c54}" behavior="0" />
      <RootComponent type="61" schemaName="ahmed_8FR61P01" behavior="0" />
      <RootComponent type="61" schemaName="ahmed_antiquebuildingsvgrepocom" behavior="0" />
      <RootComponent type="61" schemaName="ahmed_exhibition" behavior="0" />
      <RootComponent type="61" schemaName="ahmed_followup" behavior="0" />
      <RootComponent type="61" schemaName="ahmed_interestchargesvgrepocom" behavior="0" />
      <RootComponent type="61" schemaName="ahmed_mortgageinterestratehomeloaninterestratemortgageratesvgrepocom" behavior="0" />
      <RootComponent type="61" schemaName="ahmed_paintingexhibitinfineartmuseumsvgrepocom" behavior="0" />
      <RootComponent type="61" schemaName="ahmed_pincirclesvgrepocom" behavior="0" />
      <RootComponent type="61" schemaName="ahmed_streetsmappointsvgrepocom" behavior="0" />
      <RootComponent type="61" schemaName="ahmed_wPCRyH01" behavior="0" />
      <RootComponent type="62" schemaName="ahmed_EventsExhibitionsappmanagement" behavior="0" />
      <RootComponent type="80" schemaName="ahmed_EventsExhibitionsappmanagement" behavior="0" />
      <RootComponent type="300" schemaName="ahmed_eventdashboard_1187f" behavior="0" />
      <RootComponent type="431" schemaName="ahmed_guest ahmed_identity_document" behavior="0" />
      <RootComponent type="432" schemaName="ahmed_guest" behavior="0" />
    </RootComponents>
    <MissingDependencies>
      <MissingDependency>
        <Required type="SettingDefinition" displayName="AppChannel" solution="msdyn_AppFrameworkInfraExtensions (1.0.0.12)" id.uniquename="AppChannel">
          <package appName="PowerAppsAppFramework Package" version="1.0.0.16">PowerAppsAppFramework_Anchor (1.0.0.16)</package>
        </Required>
        <Dependent type="AppSetting" displayName="parentappmoduleid.uniquename=ahmed_EventsExhibitionsappmanagement,settingdefinitionid.uniquename=AppChannel" id.parentappmoduleid.uniquename="ahmed_EventsExhibitionsappmanagement" id.settingdefinitionid.uniquename="AppChannel" />
      </MissingDependency>
    </MissingDependencies>
  </SolutionManifest>
</ImportExportXml>